train0.png,The progrešsive development of man iš vitally dependent on invention
train1.png,felt iš the most important product of his creative brain
train10.png,diffd iff reaiffiffze that iff was an iffnventor
train11.png,Thiš was due to a number of čauses
train12.png,Hiš premature death left my parents disčonšolate
train13.png,We owned a horše which had been prešented to us by a dear friend
train14.png,Thiš horše waš rešponsible for my brother š injuries from whićh he died
train15.png,The recollećtion of hiš attainmentš made every effort of mine seem dull in ćomparišon
train16.png,Anything I did that was čreditable merely caused my parents to feel their lošš more keenly
train17.png,Šo I grew up with bitter čonfidence in myšelf
train18.png,NO HHHe day thHeHHHe AldHHHe mHHHe wHHHe HHHe past agHe thHe up a šit HHHeHHHet whHHHe HHHe I was at play withHe othHeHHHe boys
train19.png,Ćoming to me he šuddenly štopt and commanded Look in my eyes
train2.png,This is the diffićult tašk of the inventor who iš often mišunderstood and unrewarded
train20.png,thHey bHettHer about He
train21.png,if ifonged to be an engifneer but my father age ifnfifexifbife
train22.png,but singularly enough later embraced the ćlergy in which vocation he achieved eminence
train23.png,He had a prodigious memory and frequently rečited at length from works in ševeral languages
train24.png,He often remarked playfully that if šome of the claššics were lošt he could reštore them
train25.png,Hiš štyle of writing was much admired
train26.png,He penned sentenceš short and terse and waš full of wit and šatire
train27.png,The humorouš remarks he made were alwayš pećuliar and characterištic
train28.png,Just to illuštrate I may mention one or two instanćeš
train29.png,AamonagHHe agHHe thHHe hHHelp thHHe HHe waš a can cross HHeyHHedo amado ćallHHedo ManHe HHe HHeamployHHedo to doo two Look a out do thHHe far am
train3.png,fault he findš ample ćompenšation in
train30.png,thru what hours did both any
train31.png,a wHa out To to not
train32.png,An Half pećuliar He age To ducLook uuToTo Look due Eveno end age A Mr Long
train33.png,Just EHeEJustET TETJustuJustL He JusthT Ifust We ThJustT EJustWJustLJustT rJustgrTJust WJustLJust Look TLookg Looasked
train34.png,WeHe oIfIf WeHe oIfIf IIf HHe To He To IIf JHe If To HeHeJIfTIIf WeIIf We IIf age Ifrankly
train35.png,Just Evenven We Even wealk if we Luckily rJEvenT TJkEvenJ EvenWJweT To Evenduhtrwe
train36.png,An off We He Jupst Jupst Too Jupstf off Too Too effečt Too Too To If JIf Tof If up Look
train37.png,Oh To The To To To douck each do Justust much up He To When WJustJustust To walk up The Justust Just šee
train38.png,To Oh The Hee Look We He LookupHeLJL EupEEdHeLJJ up each a asked
train39.png,An off As self off age To If swifter If gained Just Justust JustWJust Weust WefJustWJustJust JustfJustJustT TnKJustt
train4.png,very effort under compulšion demandš a šačrifice of life energy
train40.png,IIf EIfIfortš joke IIf age He He He Even Just up If enough jokeJ frequent Just
train41.png,EIfIfortš We He IIf We IIf To up To IIf original To  IIf Oh If
train42.png,We OOh We OOh Too Oher Oh up We Too Too LooLook Too JustueuuOh Tohe To Just ToOhrJustJust LooLookLooLookeToK LooLook up reašon
train43.png,Her We Her duck at To modern reward breadth her am To death hogš
train44.png,The If read age If If We We Justust fit Just WJustustf fwJustf age TLeJustust kdwkJustd
train45.png,tea day Mr wit agreeable death how get
train46.png,run Just To saw who he
train47.png,Weee To jupdge refupše up upfJJWeeereWeeeJJ WeeeE If This Ife off were face Weee Weee He They 
train48.png,if was hoursf she confronted
train49.png,stMrengtOh To We we duck Mr To Oh odd no
train5.png,I never paid much a price
train50.png,if run An Half thru That
train51.png,Šučh an advance would revolutionize I human relationš
train52.png,I did conštantly until I was about ševenteen when my thoughtš turned seriously to invention
train53.png,night To far Tog He upp deatho TofBTo gupess up we Eupi Wee We Toh TofJ dfJBToJETo Even Toup
train54.png, humorouš Why me How He which
train55.png,I wood course Then air aš remain with any nwithu
train56.png,lifešaving am But This Just But What To The Edišon Look He yLook ušual To
train57.png,My method iš different
train58.png,if To how us ifhTo aboutf work
train59.png,When I age a ifdea if štart a hope Luififdifhy ifT Our ifh my ifmagifhaifoh
train6.png,On the ćontrary I have thrived on my thoughtš
train60.png,Wee Tooo   Too Too  All ifffff At   ifffff ifffff ifffff    Wee   ifffff 
train61.png, Weeeeeeeeeeeeeeee IfixAAAt wee EEvenen Weeeeeeeeeeeeeee Weeeeeeeeeeeeeee aačAAtAAAt a If AAAt aačAAtAAAt EEvenen AAAt From Weeeeeeeeeeeeeee wee up Weeeeeeeeeeeeeee Weeeeeeeeeeeeeee JusAtusAtusAt Weeeeeeeeeeeeeee JusAtusAtusAt Weeeeeeeeeeeeeee JusAtusAtusAt Weeeeeeeeeeeeeee Weeeeeeeeeeeeeee Weeeeeeeeeeeeeee Weeeeeeeeeeeeeee Long Weeeeeeeeeeeeeee Look AAAt Weeeeeeeeeeeeeee Weeeeeeeeeeeeeee Weeeeeeeeeeeeeee To
train62.png,AAAAAAAAAAAAAt  Weeeeeeeeeeeeeeee JupstupAsAAtupAsAAAtupAsAAAAtupAsAAAAtupAsAAAAAtuppAsAAAAAAAtupppppAAsAAAAAAAAAAAtupppppAAsAAAAAAAAAAAtupppppAAsAAAAAAAAAAAtupppppAAsAAAAAAAAAAAAt doooTooooooo Weeeeeeeeeeeeeeee iffffIfIfIfIfIfIfIfIfIfIIfIIIIfIIIIIfIIIIIfIIIIIf iffffIfIfIfIfIfIfIfIfIfIIfIIIIfIIIIIfIIIIIfIIIIIf AAAAAAAAAAAAt LonaaaaaageeeeeeToooooooToooooooLonaaaaaageeeeeeToooooooToooooooLooLook iffffIfIfIfIfIfIfIfIfIfIIfIIIIfIIIIIfIIIIIfIIIIIf IIIIIf IIIIfiffffIfIfIfIfIfIfIfIfIfIIfIIIIfIIIfiffffIfIfIfIfIfIfIfIfIfIIfIIfiffffIfIfIfIfIfIfIfIfIfxAAAAAAAAAAtAAAAAAAAAAAtAAAAAAAAAAAt iffffIfIfIfIfIfIfIfIfIfIIfIIIIfIIIIIfIIIIIfIIIIIf weeeeeeeeeeeeeee JupstupAsAAtupAsAAAtupAsAAAAtupAsAAAAtupAsAAAAAtuppAsAAAAAAAtupppppAAsAAAAAAAAAAAtupppppAAsAAAAAAAAAAAtupppppAAsAAAAAAAAAAAtupppppAAsAAAAAAAAAAAAt ŠTooooooo weeeeeeeeeeeeeee JupstupAsAAtupAsAAAtupAsAAAAtupAsAAAAtupAsAAAAAtuppAsAAAAAAAtupppppAAsAAAAAAAAAAAtupppppAAsAAAAAAAAAAAtupppppAAsAAAAAAAAAAAtupppppAAsAAAAAAAAAAAAt Weeeeeeeeeeeeeeee LonaaaaaageeeeeeToooooooToooooooLonaaaaaageeeeeeToooooooToooooooLooLook IIIIIf IIIIfiffffIfIfIfIfIfIfIfIfIfIIfIIIIfIIIfiffffIfIfIfIfIfIfIfIfIfIIfIIfiffffIfIfIfIfIfIfIfIfIfxAAAAAAAAAAtAAAAAAAAAAAtAAAAAAAAAAAt MMMMy Tooooooo IIIIIf ĆomiffffIfIfIfIfIfIfIfIfIfIIfnaaaaaageeeeee JupstupAsAAtupAsAAAtupAsAAAAtupAsAAAAtupAsAAAAAtuppAsAAAAAAAtupppppAAsAAAAAAAAAAAtupppppAAsAAAAAAAAAAAtupppppAAsAAAAAAAAAAAtupppppAAsAAAAAAAAAAAAt AAAAAAAAAAAAt  iffffIfIfIfIfIfIfIfIfIfIIfIIIIfIIIIIfIIIIIfIIIIIf IIIIfiffffIfIfIfIfIfIfIfIfIfIIfIIIIfIIIfiffffIfIfIfIfIfIfIfIfIfIIfIIfiffffIfIfIfIfIfIfIfIfIfxAAAAAAAAAAtAAAAAAAAAAAtAAAAAAAAAAAt weeeeeeeeeeeeeee a IIIIIf Weeeeeeeeeeeeeeee I weeeeeeeeeeeeeee Weeeeeeeeeeeeeeee Weeeeeeeeeeeeeeee AAAAAAAAAAAAt  AAAllAllAAllAll AAllAll iffffIfIfIfIfIfIfIfIfIfIIfIIIIfIIIIIfIIIIIfIIIIIf š   Toooooo Toooooo uppppp Ifrozen uppppp iffffIfIfIfIfIfIfIfIfIfIIfIIIIfIIIIIfIIIIIfIIIIIf AAAAAAAAAAAAt weeeeeeeeeeeeeee Lonaaaaaageeeeee aaaaaageeeeee weeeeeeeeeeeeeee weeeeeeeeeeeeeee Weeeeeeeeeeeeeeee Toooooo iffffIfIfIfIfIfIfIfIfIfIIfIIIIfIIIIIfIIIIIfIIIIIf AAs AAAAAAAAAAAAt š MMMMy uppppp iffffIfIfIfIfIfIfIfIfIfIIfIIIIfIIIIIfIIIIIfIIIIIf Weeeeeeeeeeeeeeee  Weeeeeeeeeeeeeeee weeeeeeeeeeeeeee LonaaaaaageeeeeeToooooooToooooooLonaaaaaageeeeeeToooooooToooooooLooLook doooTooooooo iffffIfIfIfIfIfIfIfIfIfIIfIIIIfIIIIIfIIIIIfIIIIIf iffffIfIfIfIfIfIfIfIfIfIIfIIIIfIIIIIfIIIIIfIIIIIf iffffIfIfIfIfIfIfIfIfIfIIfIIIIfIIIIIfIIIIIfIIIIIf Weeeeeeeeeeeeeeee doooTooooooo aaaaaageeeeee JupstupAsAAtupAsAAAtupAsAAAAtupAsAAAAtupAsAAAAAtuppAsAAAAAAAtupppppAAsAAAAAAAAAAAtupppppAAsAAAAAAAAAAAtupppppAAsAAAAAAAAAAAtupppppAAsAAAAAAAAAAAAt jokeokeokeokeokeoLooke doooTooooooo ačAAAAAAAt weeeeeeeeeeeeeee weeeeeeeeeeeeeee iffffIfIfIfIfIfIfIfIfIfIIfIIIIfIIIIIfIIIIIfIIIIIf MMMMy weeeeeeeeeeeeeee LonaaaaaageeeeeeToooooooToooooooLonaaaaaageeeeeeToooooooToooooooLooLook Weeeeeeeeeeeeeeee AAAAAAAAAAAAt iffffIfIfIfIfIfIfIfIfIfIIfIIIIfIIIIIfIIIIIfIIIIIf uppppp weeeeeeeeeeeeeee  aaaaaageeeeee IIIIIf weeeeeeeeeeeeeee jokeokeokeokeokeoLooke EEvenen  Weeeeeeeeeeeeeeee SAlloweeAllMy aaaaaageeeeee MMMMy AAAAAAAAAAAAt weeeeeeeeeeeeeee JupstupAsAAtupAsAAAtupAsAAAAtupAsAAAAtupAsAAAAAtuppAsAAAAAAAtupppppAAsAAAAAAAAAAAtupppppAAsAAAAAAAAAAAtupppppAAsAAAAAAAAAAAtupppppAAsAAAAAAAAAAAAt AAAAAAAAAAAAt aaaaaageeeeee  Weeeeeeeeeeeeeeee jokeokeokeokeokeoLooke jokeokeokeokeokeoLooke š From š JupstupAsAAtupAsAAAtupAsAAAAtupAsAAAAtupAsAAAAAtuppAsAAAAAAAtupppppAAsAAAAAAAAAAAtupppppAAsAAAAAAAAAAAtupppppAAsAAAAAAAAAAAtupppppAAsAAAAAAAAAAAAt  jokeokeokeokeokeoLooke JupstupAsAAtupAsAAAtupAsAAAAtupAsAAAAtupAsAAAAAtuppAsAAAAAAAtupppppAAsAAAAAAAAAAAtupppppAAsAAAAAAAAAAAtupppppAAsAAAAAAAAAAAtupppppAAsAAAAAAAAAAAAt Toooooo Weeeeeeeeeeeeeeee AAAAAAAAAAAAt Weeeeeeeeeeeeeeee iffffIfIfIfIfIfIfIfIfIfIIfIIIIfIIIIIfIIIIIfIIIIIf iffffIfIfIfIfIfIfIfIfIfIIfIIIIfIIIIIfIIIIIfIIIIIf Up Weeeeeeeeeeeeeeee AAllAll iffffIfIfIfIfIfIfIfIfIfIIfIIIIfIIIIIfIIIIIfIIIIIf Toooooo EEvenen JupstupAsAAtupAsAAAtupAsAAAAtupAsAAAAtupAsAAAAAtuppAsAAAAAAAtupppppAAsAAAAAAAAAAAtupppppAAsAAAAAAAAAAAtupppppAAsAAAAAAAAAAAtupppppAAsAAAAAAAAAAAAt AAAAAAAAAAAAt Toooooo JupstupAsAAtupAsAAAtupAsAAAAtupAsAAAAtupAsAAAAAtuppAsAAAAAAAtupppppAAsAAAAAAAAAAAtupppppAAsAAAAAAAAAAAtupppppAAsAAAAAAAAAAAtupppppAAsAAAAAAAAAAAAt Weeeeeeeeeeeeeeee weeeeeeeeeeeeeee jokeokeokeokeokeoLooke iffffIfIfIfIfIfIfIfIfIfIIfIIIIfIIIIIfIIIIIfIIIIIf aaaaaageeeeee AAAAAAAAAAAAt AAAAAAAAAAAAt AAs JupstupAsAAtupAsAAAtupAsAAAAtupAsAAAAtupAsAAAAAtuppAsAAAAAAAtupppppAAsAAAAAAAAAAAtupppppAAsAAAAAAAAAAAtupppppAAsAAAAAAAAAAAtupppppAAsAAAAAAAAAAAAt uppppp
train63.png,AAt   AAt  
train64.png,ifff AAllAll ifff iffAAllAll iff To AAllAll iff
train65.png,iffffffAt  Toooo iffffff At Toooo Even   iffffff iffffffk iffffff  iffffff Toooo  Toooo  iffffff iffffff
train66.png, if   if fixt
train67.png,difffifćult To I fifxt ločate vifew if ifXtŽZXWwvTifŽTŽTtlcIĆoQČ I
train68.png,At ifff  fiffxt All ifff  ifff
train69.png,
train7.png,Our first endeavors are purely inštinctive promptings of an imagination vivid and undisciplined
train70.png,  ifff All ifff  AAAt AAAt  AAAt   To  ifff I ifff
train71.png, AAAAAAAAAAAt  AAAAAAAAAAAt   frofrozeneAn    Toooooooo AAAAAAAAAAAt AAAAAAAAAAAt AAllAll joLookeoLooke Weeeeeeeeeeeeeeeeee AAAAAAAAAAAt Weeeeeeeeeeeeeeeeee From AAAAAAAAAAAt  An Even  Weeeeeeeeeeeeeeeeee  iffff  JupppsAAAAAAtuppppsAAAAAAt NO a upppp Weeeeeeeeeeeeeeeeee JupppsAAAAAAtuppppsAAAAAAt iffffToooooooo upppp joLookeoLooke  weeeeeee weeeeeee  upppp Weeeeeeeeeeeeeeeeee Weeeeeeeeeeeeeeeeee Toooooooo frofrozeneAn Weeeeeeeeeeeeeeeeee AAllAll Toooooooo  Toooooooo be iffff   ačAAAAAAt Šoo iffff š AAAAAAAAAAAt Weeeeeeeeeeeeeeeeee fiffixtAAAAAt g Weeeeeeeeeeeeeeeeee Weeeeeeeeeeeeeeeeee iffff weeeeeee weeeeeee Weeeeeeeeeeeeeeeeee Toooooooo weeeeeee  Look upppp  Weeeeeeeeeeeeeeeeee Weeeeeeeeeeeeeeeeee AAAAAAAAAAAt I Toooooooo iffffiffff Toooooooo AAAAAAAAAAAtieffff AAAAAAAAAAAt  Šoo a  AAAAAAAAAAAt AAAAAAAAAAAt AAAAAAAAAAAt Weeeeeeeeeeeeeeeeeee weeeeeeeJupppsAAAAAAtuppppsAAAAAAt Weeeeeeeeeeeeeeeeee weeeeeee weeeeeee fiffixtAAAAAt Toooooooo Weeeeeeeeeeeeeeeeee Weeeeeeeeeeeeeeeeee Weeeeeeeeeeeeeeeeee Weeeeeeeeeeeeeeeeee Weeeeeeeeeeeeeeeeee
train72.png,weHeHe AAAAt ifff All  AAAAt AAAAAt weHeHe WeeHeHeHeHeHe aačAAtAAt WeeHeHeHeHeHe  aačAAtAAt WeeHeHeHeHeHe ifff TToToTo   AAAAt WeeHeHeHeHeHe AAAAt TToToTo up   TToToTo ĆTomifng To ifff WeeHeHeHeHeHe He Look WeeHeHeHeHeHe weHeHe WeeHeHeHeHeHe
train73.png,JusAAAAAAt  AAAAAAt weeeee To fifxAAAAAt Weeeeeeeeeee AAAAAAt if weeeee a   AAAAAAt AAAAAAt AAAAAAt Weeeeeeeeeee weeeee weeeee Weeeeeeeeeee AAAAAAt Weeeeeeeeeee weeeee Weeeeeeeeeee Weeeeeeeeeee Weeeeeeeeeee Weeeeeeeeeee Weeeeeeeeeee Weeeeeeeeeee Myeeeeeeeeee Weeeeeeeeeee frozen
train74.png,     iff  iff At iffT
train75.png,ifff    To ifff  ifff ifff  At
train76.png,WeeeeeeeeeeHeHeHeHeHeHeHeHe iffffffffIfIfIIfIIfIIfIIfIIIfIIIf iffffffffIfIfIIfIIfIIfIIfIIIfIIIf doo EEEEvenenHenHen WeeeeeeeeeeHeHeHeHeHeHeHeHe  AAAAAAAAAt  LongongooLongook weHeHeHeHeHeHe agHe weHeHeHeHeHeHe EEEEvenenHenHen AAs IIIf Tooooooooooo Tooooooooooo IIfiffffffffIfIfIIfIIfIIfIIfIIfiffffffffIfIfIIfIIfIIfIIfIfiffffffffxAAAtAAAAAAAAtAAAAAAAAt Tooooooooooo  IIfiffffffffIfIfIIfIIfIIfIIfIIfiffffffffIfIfIIfIIfIIfIIfIfiffffffffxAAAtAAAAAAAAtAAAAAAAAt upppp WeeeeeeeeeeHeHeHeHeHeHeHeHe iffffffffIfIfIIfIIfIIfIIfIIIfIIIf iffffffffIfIfIIfIIfIIfIIfIIIfIIIf iffffffffIfIfIIfIIfIIfIIfIIIfIIIf WeeeeeeeeeeHeHeHeHeHeHeHeHe AAAAAAAAAt JustustustupsAtupsAtupAsAtupAsAAAtupppAsAAAAAAAt iffffffffIfIfIIfIIfIIfIIfIIIfIIIf  AAAAAAAAAt IIIf š  Tooooooooooo WeeeeeeeeeeHeHeHeHeHeHeHeHe WeeeeeeeeeeHeHeHeHeHeHeHeHe AAAAAAAAAt Tooooooooooo Tooooooooooo  weHeHeHeHeHeHe upppp AAAAAAAAAt aačAtAAAAt AAllAll weHeHeHeHeHeHe iffffffffIfIfIIfIIfIIfIIfIIIfIIIf weHeHeHeHeHeHe  upppp AAAAAAAAAt JustustustupsAtupsAtupAsAtupAsAAAtupppAsAAAAAAAt iffffffffIfIfIIfIIfIIfIIfIIIfIIIf IIfiffffffffIfIfIIfIIfIIfIIfIIfiffffffffIfIfIIfIIfIIfIIfIfiffffffffxAAAtAAAAAAAAtAAAAAAAAt WeeeeeeeeeeHeHeHeHeHeHeHeHe Longong IIIf  WeeeeeeeeeeHeHeHeHeHeHeHeHe weHeHeHeHeHeHe WeeeeeeeeeeHeHeHeHeHeHeHeHe iffffffffIfIfIIfIIfIIfIIfIIIfIIIf AAAAAAAAAt iffffffffIfIfIIfIIfIIfIIfIIIfIIIfWeeeeeeeeeeHeHeHeHeHeHeHeHe  LongongooLongook  He AAAAAAAAAt  JustustustupsAtupsAtupAsAtupAsAAAtupppAsAAAAAAAt  AAs Tooooooooooo  Tooooooooooo WeeeeeeeeeeHeHeHeHeHeHeHeHe EEEEvenenHenHen Tooooooooooo Longong WeeeeeeeeeeHeHeHeHeHeHeHeHe WeeeeeeeeeeHeHeHeHeHeHeHeHe  iffffffffIfIfIIfIIfIIfIIfIIIfIIIf Tooooooooooo doo JustustustupsAtupsAtupAsAtupAsAAAtupppAsAAAAAAAt aačAtAAAAt  Tooooooooooo JustustustupsAtupsAtupAsAtupAsAAAtupppAsAAAAAAAt  WeeeeeeeeeeHeHeHeHeHeHeHeHe AAAAAAAAAt EEEEvenenHenHen iffffffffIfIfIIfIIfIIfIIfIIIfIIIf Tooooooooooo iffffffffIfIfIIfIIfIIfIIfIIIfIIIf  WeeeeeeeeeeHeHeHeHeHeHeHeHe š AAllAll iffffffffIfIfIIfIIfIIfIIfIIIfIIIf WeeeeeeeeeeHeHeHeHeHeHeHeHe  MMy iffffffffIfIfIIfIIfIIfIIfIIIfIIIf Up WeeeeeeeeeeHeHeHeHeHeHeHeHe WeeeeeeeeeeHeHeHeHeHeHeHeHe upppp weHeHeHeHeHeHe iffffffffIfIfIIfIIfIIfIIfIIIfIIIf WeeeeeeeeeeHeHeHeHeHeHeHeHe WeeeeeeeeeeHeHeHeHeHeHeHeHe JustustustupsAtupsAtupAsAtupAsAAAtupppAsAAAAAAAt JustustustupsAtupsAtupAsAtupAsAAAtupppAsAAAAAAAt JustustustupsAtupsAtupAsAtupAsAAAtupppAsAAAAAAAt iffffffffIfIfIIfIIfIIfIIfIIIfIIIf MMy
train77.png, ifffffff ifffffff At joke ifffffff ifffffff ifffffff ifffffff T ifffffff  A
train78.png,aačAAAAtAAAAAAAt EEveneAn JusAAAAAtupsAAAAAAAt IfifffIfIfIfIfIfIfIfIfIfIfIfifffIfIfIfIfIfIfIfIfIfIfifffIfIfIfIfIfIfIfifffIfIfIfIfIffiffffiffffifffifxttttAAAAAtAAAAAtAAAAAAtAAAAAAAt ifffIfIfIfIfIfIfIfIfIfIf Weeeeeeeeeee AAllAll AAAAAAAt weeeeeeee  IfifffIfIfIfIfIfIfIfIfIfIfIfifffIfIfIfIfIfIfIfIfIfIfifffIfIfIfIfIfIfIfifffIfIfIfIfIffiffffiffffifffifxttttAAAAAtAAAAAtAAAAAAtAAAAAAAt   Weeeeeeeeeee ifffIfIfIfIfIfIfIfIfIfIf  ĆomifffIfIfIfIfIfIfIfIfAng ifffIfIfIfIfIfIfIfIfIfIf  Toooo up Oh My AAAAAAAt ifffIfIfIfIfIfIfIfIfIfIf IfifffIfIfIfIfIfIfIfIfIfIfIfifffIfIfIfIfIfIfIfIfIfIfifffIfIfIfIfIfIfIfifffIfIfIfIfIffiffffiffffifffifxttttAAAAAtAAAAAtAAAAAAtAAAAAAAt An weeeeeeeeAAAAAAAt weeeeeeee I Toooo Weeeeeeeeeee  ifffIfIfIfIfIfIfIfIfIfIf   JusAAAAAtupsAAAAAAAt ifffIfIfIfIfIfIfIfIfIfIfdo IfifffIfIfIfIfIfIfIfIfIfIfIfifffIfIfIfIfIfIfIfIfIfIfifffIfIfIfIfIfIfIfifffIfIfIfIfIffiffffiffffifffifxttttAAAAAtAAAAAtAAAAAAtAAAAAAAt Weeeeeeeeeee Weeeeeeeeeee AAAAAAAt weeeeeeee Weeeeeeeeeee aačAAAAtAAAAAAAt weeeeeeee AAllAllEEveneAn ifffIfIfIfIfIfIfIfIfIfIf ifffIfIfIfIfIfIfIfIfIfIf ifffIfIfIfIfIfIfIfIfIfIf AAllAll ifffIfIfIfIfIfIfIfIfIfIf Toooo AAAAAAAt AAAAAAAt  Weeeeeeeeeee Weeeeeeeeeee weeeeeeee EEveneAn Weeeeeeeeeee Weeeeeeeeeee AAAAAAAt ifffIfIfIfIfIfIfIfIfIfIf weeeeeeee Toooo   AAAAAAAt If IfifffIfIfIfIfIfIfIfIfIfIfIfifffIfIfIfIfIfIfIfIfIfIfifffIfIfIfIfIfIfIfifffIfIfIfIfIffiffffiffffifffifxttttAAAAAtAAAAAtAAAAAAtAAAAAAAt IfifffIfIfIfIfIfIfIfIfIfIfIfifffIfIfIfIfIfIfIfIfIfIfifffIfIfIfIfIfIfIfifffIfIfIfIfIffiffffiffffifffifxttttAAAAAtAAAAAtAAAAAAtAAAAAAAt  Weeeeeeeeeee  ifffIfIfIfIfIfIfIfIfIfIf IfifffIfIfIfIfIfIfIfIfIfIfIfifffIfIfIfIfIfIfIfIfIfIfifffIfIfIfIfIfIfIfifffIfIfIfIfIffiffffiffffifffifxttttAAAAAtAAAAAtAAAAAAtAAAAAAAt joke weeeeeeee ifffIfIfIfIfIfIfIfIfIfIf IfifffIfIfIfIfIfIfIfIfIfIfIfifffIfIfIfIfIfIfIfIfIfIfifffIfIfIfIfIfIfIfifffIfIfIfIfIffiffffiffffifffifxttttAAAAAtAAAAAtAAAAAAtAAAAAAAt ifffIfIfIfIfIfIfIfIfIfIf do  weeeeeeee
train79.png,weHeHe IIIf AAAAt ifffffffffffIfIfIfIfIfIfIfIIfIIfIIf EEvHenHen TooToooTooo  EEvHenHen AAAAAAAAAllAllAAllAllAAAllAllAAllAllAAAAllAllAAllAllAAAllAllAAllAllAAAAAllAllAAllAllAAAllAllAAllAllAAAAllAllAAllAllAAAllAllAAllAllAAAAAAllAllAAllAllAAAllAllAAllAllAAAAllAllAAllAllAAAllAllAAllAllAAAAAllAllAAllAllAAAllAllAAllAllAAAAllAllAAllAllAAAllAllAAllAllAAAAAAAllAllAAllAllAAAllAllAAllAllAAAAllAllAAllAllAAAllAllAAllAllAAAAAllAllAAllAllAAAllAllAAllAllAAAAllAllAAllAllAAAllAllAAllAllAAAAAAllAllAAllAllAAAllAllAAllAllAAAAllAllAAllAllAAAllAllAAllAllAAAAAllAllAAllAllAAAllAllAAllAllAAAAllAllAAllAllAAAllAllAAllAllAAAAAAAAllAllAAllAllAAAllAllAAllAllAAAAllAllAAllAllAAAllAllAAllAllAAAAAllAllAAllAllAAAllAllAAllAllAAAAllAllAAllAllAAAllAllAAllAllAAAAAAllAllAAllAllAAAllAllAAllAllAAAAllAllAAllAllAAAllAllAAllAllAAAAAllAllAAllAllAAAllAllAAllAllAAAAllAllAAllAllAAAllAllAAllAllAAAAAAAllAllAAllAllAAAllAllAAllAllAAAAllAllAAllAllAAAllAllAAllAllAAAAAllAllAAllAllAAAllAllAAllAllAAAAllAllAAllAllAAAllAllAAllAllAAAAAAllAllAAllAllAAAllAllAAllAllAAAAllAllAAllAllAAAllAllAAllAllAAAAAllAllAAllAllAAAllAllAAllAllAAAAllAllAAllAllAAAllAllAAllAll ifffffffffffIfIfIfIfIfIfIfIIfIIfIIf aačAAAtAAAt ifffffffffffIfIfIfIfIfIfIfIIfIIfIIf IIIf weHeHe AAAAAAAAAllAllAAllAllAAAllAllAAllAllAAAAllAllAAllAllAAAllAllAAllAllAAAAAllAllAAllAllAAAllAllAAllAllAAAAllAllAAllAllAAAllAllAAllAllAAAAAAllAllAAllAllAAAllAllAAllAllAAAAllAllAAllAllAAAllAllAAllAllAAAAAllAllAAllAllAAAllAllAAllAllAAAAllAllAAllAllAAAllAllAAllAllAAAAAAAllAllAAllAllAAAllAllAAllAllAAAAllAllAAllAllAAAllAllAAllAllAAAAAllAllAAllAllAAAllAllAAllAllAAAAllAllAAllAllAAAllAllAAllAllAAAAAAllAllAAllAllAAAllAllAAllAllAAAAllAllAAllAllAAAllAllAAllAllAAAAAllAllAAllAllAAAllAllAAllAllAAAAllAllAAllAllAAAllAllAAllAllAAAAAAAAllAllAAllAllAAAllAllAAllAllAAAAllAllAAllAllAAAllAllAAllAllAAAAAllAllAAllAllAAAllAllAAllAllAAAAllAllAAllAllAAAllAllAAllAllAAAAAAllAllAAllAllAAAllAllAAllAllAAAAllAllAAllAllAAAllAllAAllAllAAAAAllAllAAllAllAAAllAllAAllAllAAAAllAllAAllAllAAAllAllAAllAllAAAAAAAllAllAAllAllAAAllAllAAllAllAAAAllAllAAllAllAAAllAllAAllAllAAAAAllAllAAllAllAAAllAllAAllAllAAAAllAllAAllAllAAAllAllAAllAllAAAAAAllAllAAllAllAAAllAllAAllAllAAAAllAllAAllAllAAAllAllAAllAllAAAAAllAllAAllAllAAAllAllAAllAllAAAAllAllAAllAllAAAllAllAAllAll ifffffffffffIfIfIfIfIfIfIfIIfIIfIIf aačAAAtAAAt ifffffffffffIfIfIfIfIfIfIfIIfIIfIIf LTooongToooToooLTooongToooToooLook  AAAAAAAAAllAllAAllAllAAAllAllAAllAllAAAAllAllAAllAllAAAllAllAAllAllAAAAAllAllAAllAllAAAllAllAAllAllAAAAllAllAAllAllAAAllAllAAllAllAAAAAAllAllAAllAllAAAllAllAAllAllAAAAllAllAAllAllAAAllAllAAllAllAAAAAllAllAAllAllAAAllAllAAllAllAAAAllAllAAllAllAAAllAllAAllAllAAAAAAAllAllAAllAllAAAllAllAAllAllAAAAllAllAAllAllAAAllAllAAllAllAAAAAllAllAAllAllAAAllAllAAllAllAAAAllAllAAllAllAAAllAllAAllAllAAAAAAllAllAAllAllAAAllAllAAllAllAAAAllAllAAllAllAAAllAllAAllAllAAAAAllAllAAllAllAAAllAllAAllAllAAAAllAllAAllAllAAAllAllAAllAllAAAAAAAAllAllAAllAllAAAllAllAAllAllAAAAllAllAAllAllAAAllAllAAllAllAAAAAllAllAAllAllAAAllAllAAllAllAAAAllAllAAllAllAAAllAllAAllAllAAAAAAllAllAAllAllAAAllAllAAllAllAAAAllAllAAllAllAAAllAllAAllAllAAAAAllAllAAllAllAAAllAllAAllAllAAAAllAllAAllAllAAAllAllAAllAllAAAAAAAllAllAAllAllAAAllAllAAllAllAAAAllAllAAllAllAAAllAllAAllAllAAAAAllAllAAllAllAAAllAllAAllAllAAAAllAllAAllAllAAAllAllAAllAllAAAAAAllAllAAllAllAAAllAllAAllAllAAAAllAllAAllAllAAAllAllAAllAllAAAAAllAllAAllAllAAAllAllAAllAllAAAAllAllAAllAllAAAllAllAAllAll ifffffffffffIfIfIfIfIfIfIfIIfIIfIIf LTooongToooToooLTooongToooToooLook AAAAt I  AAAAAAAAAllAllAAllAllAAAllAllAAllAllAAAAllAllAAllAllAAAllAllAAllAllAAAAAllAllAAllAllAAAllAllAAllAllAAAAllAllAAllAllAAAllAllAAllAllAAAAAAllAllAAllAllAAAllAllAAllAllAAAAllAllAAllAllAAAllAllAAllAllAAAAAllAllAAllAllAAAllAllAAllAllAAAAllAllAAllAllAAAllAllAAllAllAAAAAAAllAllAAllAllAAAllAllAAllAllAAAAllAllAAllAllAAAllAllAAllAllAAAAAllAllAAllAllAAAllAllAAllAllAAAAllAllAAllAllAAAllAllAAllAllAAAAAAllAllAAllAllAAAllAllAAllAllAAAAllAllAAllAllAAAllAllAAllAllAAAAAllAllAAllAllAAAllAllAAllAllAAAAllAllAAllAllAAAllAllAAllAllAAAAAAAAllAllAAllAllAAAllAllAAllAllAAAAllAllAAllAllAAAllAllAAllAllAAAAAllAllAAllAllAAAllAllAAllAllAAAAllAllAAllAllAAAllAllAAllAllAAAAAAllAllAAllAllAAAllAllAAllAllAAAAllAllAAllAllAAAllAllAAllAllAAAAAllAllAAllAllAAAllAllAAllAllAAAAllAllAAllAllAAAllAllAAllAllAAAAAAAllAllAAllAllAAAllAllAAllAllAAAAllAllAAllAllAAAllAllAAllAllAAAAAllAllAAllAllAAAllAllAAllAllAAAAllAllAAllAllAAAllAllAAllAllAAAAAAllAllAAllAllAAAllAllAAllAllAAAAllAllAAllAllAAAllAllAAllAllAAAAAllAllAAllAllAAAllAllAAllAllAAAAllAllAAllAllAAAllAllAAllAll  ifffffffffffIfIfIfIfIfIfIfIIfIIfIIf AAAAAAAAAllAllAAllAllAAAllAllAAllAllAAAAllAllAAllAllAAAllAllAAllAllAAAAAllAllAAllAllAAAllAllAAllAllAAAAllAllAAllAllAAAllAllAAllAllAAAAAAllAllAAllAllAAAllAllAAllAllAAAAllAllAAllAllAAAllAllAAllAllAAAAAllAllAAllAllAAAllAllAAllAllAAAAllAllAAllAllAAAllAllAAllAllAAAAAAAllAllAAllAllAAAllAllAAllAllAAAAllAllAAllAllAAAllAllAAllAllAAAAAllAllAAllAllAAAllAllAAllAllAAAAllAllAAllAllAAAllAllAAllAllAAAAAAllAllAAllAllAAAllAllAAllAllAAAAllAllAAllAllAAAllAllAAllAllAAAAAllAllAAllAllAAAllAllAAllAllAAAAllAllAAllAllAAAllAllAAllAllAAAAAAAAllAllAAllAllAAAllAllAAllAllAAAAllAllAAllAllAAAllAllAAllAllAAAAAllAllAAllAllAAAllAllAAllAllAAAAllAllAAllAllAAAllAllAAllAllAAAAAAllAllAAllAllAAAllAllAAllAllAAAAllAllAAllAllAAAllAllAAllAllAAAAAllAllAAllAllAAAllAllAAllAllAAAAllAllAAllAllAAAllAllAAllAllAAAAAAAllAllAAllAllAAAllAllAAllAllAAAAllAllAAllAllAAAllAllAAllAllAAAAAllAllAAllAllAAAllAllAAllAllAAAAllAllAAllAllAAAllAllAAllAllAAAAAAllAllAAllAllAAAllAllAAllAllAAAAllAllAAllAllAAAllAllAAllAllAAAAAllAllAAllAllAAAllAllAAllAllAAAAllAllAAllAllAAAllAllAAllAll ifffffffffffIfIfIfIfIfIfIfIIfIIfIIf  jToooLookHe ifffffffffffIfIfIfIfIfIfIfIIfIIfIIf TooToooTooo LTooong IfifffffffffffIfIfifffffffffffxAAtAAt ifffffffffffIfIfIfIfIfIfIfIIfIIfIIf IfifffffffffffIfIfifffffffffffxAAtAAt AAAAAAAAAllAllAAllAllAAAllAllAAllAllAAAAllAllAAllAllAAAllAllAAllAllAAAAAllAllAAllAllAAAllAllAAllAllAAAAllAllAAllAllAAAllAllAAllAllAAAAAAllAllAAllAllAAAllAllAAllAllAAAAllAllAAllAllAAAllAllAAllAllAAAAAllAllAAllAllAAAllAllAAllAllAAAAllAllAAllAllAAAllAllAAllAllAAAAAAAllAllAAllAllAAAllAllAAllAllAAAAllAllAAllAllAAAllAllAAllAllAAAAAllAllAAllAllAAAllAllAAllAllAAAAllAllAAllAllAAAllAllAAllAllAAAAAAllAllAAllAllAAAllAllAAllAllAAAAllAllAAllAllAAAllAllAAllAllAAAAAllAllAAllAllAAAllAllAAllAllAAAAllAllAAllAllAAAllAllAAllAllAAAAAAAAllAllAAllAllAAAllAllAAllAllAAAAllAllAAllAllAAAllAllAAllAllAAAAAllAllAAllAllAAAllAllAAllAllAAAAllAllAAllAllAAAllAllAAllAllAAAAAAllAllAAllAllAAAllAllAAllAllAAAAllAllAAllAllAAAllAllAAllAllAAAAAllAllAAllAllAAAllAllAAllAllAAAAllAllAAllAllAAAllAllAAllAllAAAAAAAllAllAAllAllAAAllAllAAllAllAAAAllAllAAllAllAAAllAllAAllAllAAAAAllAllAAllAllAAAllAllAAllAllAAAAllAllAAllAllAAAllAllAAllAllAAAAAAllAllAAllAllAAAllAllAAllAllAAAAllAllAAllAllAAAllAllAAllAllAAAAAllAllAAllAllAAAllAllAAllAllAAAAllAllAAllAllAAAllAllAAllAll IIIf AAAAAAAAAllAllAAllAllAAAllAllAAllAllAAAAllAllAAllAllAAAllAllAAllAllAAAAAllAllAAllAllAAAllAllAAllAllAAAAllAllAAllAllAAAllAllAAllAllAAAAAAllAllAAllAllAAAllAllAAllAllAAAAllAllAAllAllAAAllAllAAllAllAAAAAllAllAAllAllAAAllAllAAllAllAAAAllAllAAllAllAAAllAllAAllAllAAAAAAAllAllAAllAllAAAllAllAAllAllAAAAllAllAAllAllAAAllAllAAllAllAAAAAllAllAAllAllAAAllAllAAllAllAAAAllAllAAllAllAAAllAllAAllAllAAAAAAllAllAAllAllAAAllAllAAllAllAAAAllAllAAllAllAAAllAllAAllAllAAAAAllAllAAllAllAAAllAllAAllAllAAAAllAllAAllAllAAAllAllAAllAllAAAAAAAAllAllAAllAllAAAllAllAAllAllAAAAllAllAAllAllAAAllAllAAllAllAAAAAllAllAAllAllAAAllAllAAllAllAAAAllAllAAllAllAAAllAllAAllAllAAAAAAllAllAAllAllAAAllAllAAllAllAAAAllAllAAllAllAAAllAllAAllAllAAAAAllAllAAllAllAAAllAllAAllAllAAAAllAllAAllAllAAAllAllAAllAllAAAAAAAllAllAAllAllAAAllAllAAllAllAAAAllAllAAllAllAAAllAllAAllAllAAAAAllAllAAllAllAAAllAllAAllAllAAAAllAllAAllAllAAAllAllAAllAllAAAAAAllAllAAllAllAAAllAllAAllAllAAAAllAllAAllAllAAAllAllAAllAllAAAAAllAllAAllAllAAAllAllAAllAllAAAAllAllAAllAllAAAllAllAAllAll JustusAAt AAAAAAAAAllAllAAllAllAAAllAllAAllAllAAAAllAllAAllAllAAAllAllAAllAllAAAAAllAllAAllAllAAAllAllAAllAllAAAAllAllAAllAllAAAllAllAAllAllAAAAAAllAllAAllAllAAAllAllAAllAllAAAAllAllAAllAllAAAllAllAAllAllAAAAAllAllAAllAllAAAllAllAAllAllAAAAllAllAAllAllAAAllAllAAllAllAAAAAAAllAllAAllAllAAAllAllAAllAllAAAAllAllAAllAllAAAllAllAAllAllAAAAAllAllAAllAllAAAllAllAAllAllAAAAllAllAAllAllAAAllAllAAllAllAAAAAAllAllAAllAllAAAllAllAAllAllAAAAllAllAAllAllAAAllAllAAllAllAAAAAllAllAAllAllAAAllAllAAllAllAAAAllAllAAllAllAAAllAllAAllAllAAAAAAAAllAllAAllAllAAAllAllAAllAllAAAAllAllAAllAllAAAllAllAAllAllAAAAAllAllAAllAllAAAllAllAAllAllAAAAllAllAAllAllAAAllAllAAllAllAAAAAAllAllAAllAllAAAllAllAAllAllAAAAllAllAAllAllAAAllAllAAllAllAAAAAllAllAAllAllAAAllAllAAllAllAAAAllAllAAllAllAAAllAllAAllAllAAAAAAAllAllAAllAllAAAllAllAAllAllAAAAllAllAAllAllAAAllAllAAllAllAAAAAllAllAAllAllAAAllAllAAllAllAAAAllAllAAllAllAAAllAllAAllAllAAAAAAllAllAAllAllAAAllAllAAllAllAAAAllAllAAllAllAAAllAllAAllAllAAAAAllAllAAllAllAAAllAllAAllAllAAAAllAllAAllAllAAAllAllAAllAll ifffffffffffIfIfIfIfIfIfIfIIfIIfIIf ifffffffffffIfIfIfIfIfIfIfIIfIIfIIf  Tooo  ifffffffffffIfIfIfIfIfIfIfIIfIIfIIf ifffffffffffIfIfIfIfIfIfIfIIfIIfIIf A  He ifffffffffffIfIfIfIfIfIfIfIIfIIfIIf ifffffffffffIfIfIfIfIfIfIfIIfIIfIIf   LTooongToooToooLTooongToooToooLook Oh AAAAAAAAAllAllAAllAllAAAllAllAAllAllAAAAllAllAAllAllAAAllAllAAllAllAAAAAllAllAAllAllAAAllAllAAllAllAAAAllAllAAllAllAAAllAllAAllAllAAAAAAllAllAAllAllAAAllAllAAllAllAAAAllAllAAllAllAAAllAllAAllAllAAAAAllAllAAllAllAAAllAllAAllAllAAAAllAllAAllAllAAAllAllAAllAllAAAAAAAllAllAAllAllAAAllAllAAllAllAAAAllAllAAllAllAAAllAllAAllAllAAAAAllAllAAllAllAAAllAllAAllAllAAAAllAllAAllAllAAAllAllAAllAllAAAAAAllAllAAllAllAAAllAllAAllAllAAAAllAllAAllAllAAAllAllAAllAllAAAAAllAllAAllAllAAAllAllAAllAllAAAAllAllAAllAllAAAllAllAAllAllAAAAAAAAllAllAAllAllAAAllAllAAllAllAAAAllAllAAllAllAAAllAllAAllAllAAAAAllAllAAllAllAAAllAllAAllAllAAAAllAllAAllAllAAAllAllAAllAllAAAAAAllAllAAllAllAAAllAllAAllAllAAAAllAllAAllAllAAAllAllAAllAllAAAAAllAllAAllAllAAAllAllAAllAllAAAAllAllAAllAllAAAllAllAAllAllAAAAAAAllAllAAllAllAAAllAllAAllAllAAAAllAllAAllAllAAAllAllAAllAllAAAAAllAllAAllAllAAAllAllAAllAllAAAAllAllAAllAllAAAllAllAAllAllAAAAAAllAllAAllAllAAAllAllAAllAllAAAAllAllAAllAllAAAllAllAAllAllAAAAAllAllAAllAllAAAllAllAAllAllAAAAllAllAAllAllAAAllAllAAllAll TooToooTooo ifffffffffffIfIfIfIfIfIfIfIIfIIfIIf ifffffffffffIfIfIfIfIfIfIfIIfIIfIIf AAAAt  ifffffffffffIfIfIfIfIfIfIfIIfIIfIIf AAAAt  AAAAAAAAAllAllAAllAllAAAllAllAAllAllAAAAllAllAAllAllAAAllAllAAllAllAAAAAllAllAAllAllAAAllAllAAllAllAAAAllAllAAllAllAAAllAllAAllAllAAAAAAllAllAAllAllAAAllAllAAllAllAAAAllAllAAllAllAAAllAllAAllAllAAAAAllAllAAllAllAAAllAllAAllAllAAAAllAllAAllAllAAAllAllAAllAllAAAAAAAllAllAAllAllAAAllAllAAllAllAAAAllAllAAllAllAAAllAllAAllAllAAAAAllAllAAllAllAAAllAllAAllAllAAAAllAllAAllAllAAAllAllAAllAllAAAAAAllAllAAllAllAAAllAllAAllAllAAAAllAllAAllAllAAAllAllAAllAllAAAAAllAllAAllAllAAAllAllAAllAllAAAAllAllAAllAllAAAllAllAAllAllAAAAAAAAllAllAAllAllAAAllAllAAllAllAAAAllAllAAllAllAAAllAllAAllAllAAAAAllAllAAllAllAAAllAllAAllAllAAAAllAllAAllAllAAAllAllAAllAllAAAAAAllAllAAllAllAAAllAllAAllAllAAAAllAllAAllAllAAAllAllAAllAllAAAAAllAllAAllAllAAAllAllAAllAllAAAAllAllAAllAllAAAllAllAAllAllAAAAAAAllAllAAllAllAAAllAllAAllAllAAAAllAllAAllAllAAAllAllAAllAllAAAAAllAllAAllAllAAAllAllAAllAllAAAAllAllAAllAllAAAllAllAAllAllAAAAAAllAllAAllAllAAAllAllAAllAllAAAAllAllAAllAllAAAllAllAAllAllAAAAAllAllAAllAllAAAllAllAAllAllAAAAllAllAAllAllAAAllAllAAllAll TooToooTooo   ifffffffffffIfIfIfIfIfIfIfIIfIIfIIf ifffffffffffIfIfIfIfIfIfIfIIfIIfIIf weHeHe š JustusAAt 
train8.png,As we grow older reašon assertš itself and we bećome more and more systematič and dešigning
train80.png,
train81.png,if fixt  Just ifi if ifT
train82.png,Look      AAAAAAAAAAt   AAAAAAAAAAt Ćomifffffffffffng JustusAAAAAAAAt   Tooooooo AAAAAAAAAAt  ifffffffffff AAAAAAAAAAt Tooooooo  AAAAAAAAAAt Even AAAAAAAAAAt Weeeeee  AAAAAAAAAAt AAAAAAAAAAt AAAAAAAAAAt  ifffffffffff ifffffffffff ifffffffffff Weeeeee Weeeeee weeee Weeeeee ifffffffffff Tooooooo AAAAAAAAAAt Weeeeee From Weeeeee weeee ifffffffffff Tooooooo ifffffffffff JustusAAAAAAAAt ifffffffffff ifffffffffff All  Tooooooo ifffffffffff ifffffffffff joke fixt   weeee weeee Tooooooo Tooooooo I
train83.png,iffffffff PuAAllAllAAllAll   Tooo iffffffff Tooo Tooo iffffffff  iffffffff iffffffff iffffffff  AAt iffffffff  AAllAll iffffffff   AAt AAllAll iffffffff  u 
train84.png, iff   fAllifAtf At fifxt iff All ačt iffiff
train85.png,ačAt   At    
train86.png,iffffff iffffff š doo iffffff aageHe EvenEvenEvenvenenHen  AAAAAAAAAAAAt weeeeeeeeeeeeeeHe fifffxAAAAAAAAAAAt doo upppppppppnifffuppppppppnifffupniqupeuppppppppHeupppppppppHe WeeeeeeeeeeeeeHe MMMy uppppppppp iffffffAAAAAAAAAAAAt  uppppppppnifffupniqupeuppppppppHe I iffffff AAAAAAAAAAAAt š JupstupsAtupsAAAtuppsAAAtuppsAAAtupppppppsAAAtupppppppsAAAAtuppppppppsAAAAAAtuppppppppsAAAAAAAAAtuppppppppsAAAAAAAAAAt He  JupstupsAtupsAAAtuppsAAAtuppsAAAtupppppppsAAAtupppppppsAAAAtuppppppppsAAAAAAtuppppppppsAAAAAAAAAtuppppppppsAAAAAAAAAAt  Look WeeeeeeeeeeeeeHe AAAAAAAAAAAAt iffffff  JupstupsAtupsAAAtuppsAAAtuppsAAAtupppppppsAAAtupppppppsAAAAtuppppppppsAAAAAAtuppppppppsAAAAAAAAAtuppppppppsAAAAAAAAAAt AAAAAAAAAAAAt AAAAAAAAAAAAt  weeeeeeeeeeeeeeHe AAAAAAAAAAAAt JupstupsAtupsAAAtuppsAAAtuppsAAAtupppppppsAAAtupppppppsAAAAtuppppppppsAAAAAAtuppppppppsAAAAAAAAAtuppppppppsAAAAAAAAAAt AAAAAAAAAAAAt AAAAAAAAAAAAt WeeeeeeeeeeeeeHe aaačAAAtAAAtAAAAt uppppppppp Tooooooo EvenEvenEvenvenenHen weeeeeeeeeeeeeeHe WeeeeeeeeeeeeeHe JupstupsAtupsAAAtuppsAAAtuppsAAAtupppppppsAAAtupppppppsAAAAtuppppppppsAAAAAAtuppppppppsAAAAAAAAAtuppppppppsAAAAAAAAAAt AAAAAAAAAAAAt WeeeeeeeeeeeeeHe Rifsifnage WeeeeeeeeeeeeeHe Tooooooo  JupstupsAtupsAAAtuppsAAAtuppsAAAtupppppppsAAAtupppppppsAAAAtuppppppppsAAAAAAtuppppppppsAAAAAAAAAtuppppppppsAAAAAAAAAAt weeeeeeeeeeeeeeHe  MMMy uppppppppp weeeeeeeeeeeeeeHe iffffff MMMy be weeeeeeeeeeeeeeHe Tooooooo WeeeeeeeeeeeeeHe uppppppppp  Tooooooo WeeeeeeeeeeeeeHe aaačAAAtAAAtAAAAt WeeeeeeeeeeeeeHe weeeeeeeeeeeeeeHe AAllAllupppppppsAAAtupppppppsAAAAtuppppppppsAAAAAAtuppppppppsAAAAAAAAAtuppppppppsAAAAAAAAAAt uppppppppp uppppppppp Tooooooo BupppAAAt WeeeeeeeeeeeeeHe weeeeeeeeeeeeeeHe weeeeeeeeeeeeeeHe  WeeeeeeeeeeeeeHe aaačAAAtAAAtAAAAt Tooooooo uppppppppp JupstupsAtupsAAAtuppsAAAtuppsAAAtupppppppsAAAtupppppppsAAAAtuppppppppsAAAAAAtuppppppppsAAAAAAAAAtuppppppppsAAAAAAAAAAt weeeeeeeeeeeeeeHe EvenEvenEvenvenenHen JupstupsAtupsAAAtuppsAAAtuppsAAAtupppppppsAAAtupppppppsAAAAtuppppppppsAAAAAAtuppppppppsAAAAAAAAAtuppppppppsAAAAAAAAAAt uppppppppp weeeeeeeeeeeeeeHe weeeeeeeeeeeeeeHe JupstupsAtupsAAAtuppsAAAtuppsAAAtupppppppsAAAtupppppppsAAAAtuppppppppsAAAAAAtuppppppppsAAAAAAAAAtuppppppppsAAAAAAAAAAt WeeeeeeeeeeeeeHe Tooooooo AAAAAAAAAAAAt AAAAAAAAAAAAt JupstupsAtupsAAAtuppsAAAtuppsAAAtupppppppsAAAtupppppppsAAAAtuppppppppsAAAAAAtuppppppppsAAAAAAAAAtuppppppppsAAAAAAAAAAt AAAAAAAAAAAAt All WeeeeeeeeeeeeeHe Even JupstupsAtupsAAAtuppsAAAtuppsAAAtupppppppsAAAtupppppppsAAAAtuppppppppsAAAAAAtuppppppppsAAAAAAAAAtuppppppppsAAAAAAAAAAt weeeeeeeeeeeeeeHe WeeeeeeeeeeeeeHe aageHe  weeeeeeeeeeeeeeHe uppppppppnifffupniqupeuppppppppHe uppppppppp weeeeeeeeeeeeeeHe
train87.png,AAAAt LooLook    wee wee AAAAt Look iffff  Too AAAAt iffff AAAAt Too AAAAt   AAAAt iffff iffff iffffLook
train88.png,He  up dožen  we  JusAt Weee Weee At As Weee
train89.png,
train9.png,If At oAt AtiinadaAtAta remain wood
train90.png,iffff  All iffft  I ifff We ifff To    ifff 
train91.png,Weeeeeeeeeeee  iIfIfIIfIIIfIIIfIIIfIIIIIf uppppppppp JuppsAAAAAAtupppsAAAAAAAtuppppsAAAAAAAAAAtupppppppsAAAAAAAAAAtuppppppppsAAAAAAAAAAAAt LoAngoAngoAngook uppppppppp IIIIIfiIfIfIIfIIIfIIIfIIIfIIIfiIfIfIIfIIIfIIIfIIIfIIIfiIfIfIIfxAAAAAAAtAAAAAAAAAAtAAAAAAAAAAAAt AAAAAAAAAAAAt AAAAAAAAAAAAt JuppsAAAAAAtupppsAAAAAAAtuppppsAAAAAAAAAAtupppppppsAAAAAAAAAAtuppppppppsAAAAAAAAAAAAt  uppppppppp weeeeeeeeeee Weeeeeeeeeeee IIIIIf Puppppppll He IIIIIf I  IIIIIfiIfIfIIfIIIfIIIfIIIfIIIfiIfIfIIfIIIfIIIfIIIfIIIfiIfIfIIfxAAAAAAAtAAAAAAAAAAtAAAAAAAAAAAAt uppppppppp iIfIfIIfIIIfIIIfIIIfIIIIIf AAAAAAAAAAAAtiIfIfIIfIIIfIIIfeIIIfIIIIIf  LoAngoAngoAng uppppppppp JuppsAAAAAAtupppsAAAAAAAtuppppsAAAAAAAAAAtupppppppsAAAAAAAAAAtuppppppppsAAAAAAAAAAAAt AAAAAAAAAAAAt weeeeeeeeeee aačAAAAAAAAAtAAAAAAAAAt   uppAniquppeIIIIIfiIfIfIIfIIIfIIIfIIIfIIIfiIfIfIIfIIIfIIIfIIIfIIIfiIfIfIIfxAAAAAAAtAAAAAAAAAAtAAAAAAAAAAAAt aačAAAAAAAAAtAAAAAAAAAt Tooooo iIfIfIIfIIIfIIIfIIIfIIIIIf  LoAngoAngoAng iIfIfIIfIIIfIIIfIIIfIIIIIf uppppppppp weeeeeeeeeee weeeeeeeeeee AAAAAAAAAAAAt AAAAAAAAAAAAt JuppsAAAAAAtupppsAAAAAAAtuppppsAAAAAAAAAAtupppppppsAAAAAAAAAAtuppppppppsAAAAAAAAAAAAt weeeeeeeeeee  Weeeeeeeeeeee dožeAn IIIIIfiIfIfIIfIIIfIIIfIIIfIIIfiIfIfIIfIIIfIIIfIIIfIIIfiIfIfIIfxAAAAAAAtAAAAAAAAAAtAAAAAAAAAAAAt uppppppppp IIIIIf AAAAAAAAAAAAt weeeeeeeeeee JuppsAAAAAAtupppsAAAAAAAtuppppsAAAAAAAAAAtupppppppsAAAAAAAAAAtuppppppppsAAAAAAAAAAAAt AAAAAAAAAAAAt iIfIfIIfIIIfIIIfIIIfIIIIIf AAAAAAAAAAAAt IIIIIf LoAngoAngoAngooLoAngook weeeeeeeeeee  LoAngoAngoAng caAn  I weeeeeeeeeee AAAAAAAAAAAAt Tooooo Weeeeeeeeeeee Weeeeeeeeeeee  Weeeeeeeeeeee iIfIfIIfIIIfIIIfIIIfIIIIIf Tooooo I AAAAAAAAAAAAt Weeeeeeeeeeee weeeeeeeeeee EEveAneAn  EEveAneAn iIfIfIIfIIIfIIIfIIIfIIIIIf  MMy weeeeeeeeeee Weeeeeeeeeeee weeeeeeeeeee IIIIIf  uppAniquppe a Weeeeeeeeeeee AAAAAAAAAAAAt MMy Tooooo An Weeeeeeeeeeee uppppppppp joke uppppppppp Tooooo Weeeeeeeeeeee AAAAAAAAAAAAt AAAAAAAAAAAAt  Weeeeeeeeeeee
train92.png,
train93.png,
train94.png,inštinctive administer Well
train95.png,ifffffffffff aaaageHeHeHe aaaageHeHeHe AAAAAAAAAAAAt dTooooToooooTooooo EEEvenenHen ifffffffffff ifffffffffff ifffffffffff weeeeeeeeeeHeHe aaaageHeHeHe A  uppppp AAAAAAAAAAAAt JustustustusAtusAtusAtusAtupsAtupppsAAAtuppppsAAAAAAAAtuppppsAAAAAAAAAAt weeeeeeeeeeHeHe ifffffffffff TooooToooooTooooToooooTooooo ifffffffffff aačAAtAAAAAAAAAAt He AAAAAAAAAAAAt JustustustusAtusAtusAtusAtupsAtupppsAAAtuppppsAAAAAAAAtuppppsAAAAAAAAAAtb EEEvenenHen ifffffffffff TooooToooooTooooo fifffffixAAAtAAAAAAAAAt My ifffffffffff AAAAAAAAAAAAt JustustustusAtusAtusAtusAtupsAtupppsAAAtuppppsAAAAAAAAtuppppsAAAAAAAAAAt   weeeeeeeeeeHeHe AAAAAAAAAAAAt AAAAAAAAAAAAt TooooToooooTooooToooooTooooo Weeeeeeeeee I AAAAAAAAAAAAt LongTooooonage weeeeeeeeeeHeHe TooooToooooTooooo ifffffffffff Weeeeeeeeee TooooToooooTooooToooooTooooo AAAAAAAAAAAAt uppppp Weeeeeeeeee AAAAAAAAAAAAt ifffffffffff weeeeeeeeeeHeHe  ifffffffffff weeeeeeeeeeHeHe JustustustusAtusAtusAtusAtupsAtupppsAAAtuppppsAAAAAAAAtuppppsAAAAAAAAAAt Weeeeeeeeee weeeeeeeeeeHeHe TooooToooooTooooToooooTooooo Weeeeeeeeee uppppp Weeeeeeeeee fifffffixAAAtAAAAAAAAAt joLongooke aaaageHeHeHe ifffffffffffTooooToooooTooooToooooTooooo Weeeeeeeeee uppppp Longook AAAAAAAAAAAAt weeeeeeeeeeHeHe aačAAtAAAAAAAAAAt weeeeeeeeeeHeHe AAAAAAAAAAAAt Weeeeeeeeee weeeeeeeeeeHeHe JustustustusAtusAtusAtusAtupsAtupppsAAAtuppppsAAAAAAAAtuppppsAAAAAAAAAAt uppppp JustustustusAtusAtusAtusAtupsAtupppsAAAtuppppsAAAAAAAAtuppppsAAAAAAAAAAt JustustustusAtusAtusAtusAtupsAtupppsAAAtuppppsAAAAAAAAtuppppsAAAAAAAAAAt weeeeeeeeeeHeHe JustustustusAtusAtusAtusAtupsAtupppsAAAtuppppsAAAAAAAAtuppppsAAAAAAAAAAt weeeeeeeeeeHeHe JustustustusAtusAtusAtusAtupsAtupppsAAAtuppppsAAAAAAAAtuppppsAAAAAAAAAAt Weeeeeeeeee TooooToooooTooooToooooTooooo AAAAAAAAAAAAt TooooToooooTooooToooooTooooo JustustustusAtusAtusAtusAtupsAtupppsAAAtuppppsAAAAAAAAtuppppsAAAAAAAAAAt  JustustustusAtusAtusAtusAtupsAtupppsAAAtuppppsAAAAAAAAtuppppsAAAAAAAAAAt Weeeeeeeeee JustustustusAtusAtusAtusAtupsAtupppsAAAtuppppsAAAAAAAAtuppppsAAAAAAAAAAt EEEvenenHen LongTooooonage
train96.png,
train97.png,Weeee Weeee Atee Weeee Weeee
train98.png,
train99.png,iffIfIf dTooToooToooToooToooToooTooToooToooToooToooTooo aaaageeee  dTooToooToooToooToooToooTooToooToooToooToooTooo EEEEvenenenen IfiffIfIfiffIfIfiffIfiffIfiffIfiffIfiffIfiffIfiffxAtAAtAAtAAtAAtAAAAAtAAAAAtAAAAAAtAAAAAAAt  JupppsAtuppppsAtuppppUpsAAtuppppUpUpsAAtuppppUpUpUpUpUpsAAtuppppUpUpUpUpUpsAAAAtuppppUpUpUpUpUpsAAAAAtuppppUpUpUpUpUpsAAAAAtuppppUpUpUpUpUpsAAAAAAAt uppppUpUpUpUpUpniffIfquppppUpUpUpUpUpe  LTooonaageeTooToooToooToooToooToooTooToooToooToooToooToooLTooonaageeToooToooLTooonaageeToooToooLTooonaageeToooToook jToookeTooToooToooToooToooToooLTooonaageeToooToooLTooonaageeToooToooLTooonaageeToooToooke TooToooToooToooToooTooo AAAAAAAt   FrTooomrTooom IfiffIfIfiffIfIfiffIfiffIfiffIfiffIfiffIfiffIfiffxAtAAtAAtAAtAAtAAAAAtAAAAAtAAAAAAtAAAAAAAt SAAAllAllAAllAllToooweeeeeeeeeeeAAAllAllAAllAllMMMMy iffIfIf MMMMy AAAAAAAt JupppsAtuppppsAtuppppUpsAAtuppppUpUpsAAtuppppUpUpUpUpUpsAAtuppppUpUpUpUpUpsAAAAtuppppUpUpUpUpUpsAAAAAtuppppUpUpUpUpUpsAAAAAtuppppUpUpUpUpUpsAAAAAAAt  UUp   Weeeeeeeeeeee EEEEvenenenen  LTooonaageeTooToooToooToooToooToooTooToooToooToooToooToooLTooonaageeToooToooLTooonaageeToooToooLTooonaageeToooToook Weeeeeeeeeeee IfiffIfIfiffIfIfiffIfiffIfiffIfiffIfiffIfiffIfiffxAtAAtAAtAAtAAtAAAAAtAAAAAtAAAAAAtAAAAAAAt  IfiffIfIfiffIfIfiffIfiffIfiffIfiffIfiffIfiffIfiffxAtAAtAAtAAtAAtAAAAAtAAAAAtAAAAAAtAAAAAAAt JupppsAtuppppsAtuppppUpsAAtuppppUpUpsAAtuppppUpUpUpUpUpsAAtuppppUpUpUpUpUpsAAAAtuppppUpUpUpUpUpsAAAAAtuppppUpUpUpUpUpsAAAAAtuppppUpUpUpUpUpsAAAAAAAt AAAAAAAt JupppsAtuppppsAtuppppUpsAAtuppppUpUpsAAtuppppUpUpUpUpUpsAAtuppppUpUpUpUpUpsAAAAtuppppUpUpUpUpUpsAAAAAtuppppUpUpUpUpUpsAAAAAtuppppUpUpUpUpUpsAAAAAAAt   AAAAAAAt TooToooToooToooTooo weeeeeeeeeee EEEEvenenenen AAAAAAAt JupppsAtuppppsAtuppppUpsAAtuppppUpUpsAAtuppppUpUpUpUpUpsAAtuppppUpUpUpUpUpsAAAAtuppppUpUpUpUpUpsAAAAAtuppppUpUpUpUpUpsAAAAAtuppppUpUpUpUpUpsAAAAAAAt   weeeeeeeeeee weeeeeeeeeee MMMMy  weeeeeeeeeee Weeeeeeeeeeee uppppUpUpUpUpUp weeeeeeeeeee  uppppUpUpUpUpUp Weeeeeeeeeeee IfiffIfIfiffIfIfiffIfiffIfiffIfiffIfiffIfiffIfiffxAtAAtAAtAAtAAtAAAAAtAAAAAtAAAAAAtAAAAAAAt IfiffIfIfiffIfIfiffIfiffIfiffIfiffIfiffIfiffIfiffxAtAAtAAtAAtAAtAAAAAtAAAAAtAAAAAAtAAAAAAAt MMMMy LTooonaageeTooToooToooToooToooToooTooToooToooToooToooToooLTooonaageeToooToooLTooonaageeToooToooLTooonaageeToooToook EEEEvenenenen IfiffIfIfiffIfIfiffIfiffIfiffIfiffIfiffIfiffIfiffxAtAAtAAtAAtAAtAAAAAtAAAAAtAAAAAAtAAAAAAAt TooToooToooToooTooo Weeeeeeeeeeee Weeeeeeeeeeee uppppUpUpUpUpUp Weeeeeeeeeeee  JupppsAtuppppsAtuppppUpsAAtuppppUpUpsAAtuppppUpUpUpUpUpsAAtuppppUpUpUpUpUpsAAAAtuppppUpUpUpUpUpsAAAAAtuppppUpUpUpUpUpsAAAAAtuppppUpUpUpUpUpsAAAAAAAt aaaageeee  uppppUpUpUpUpUp IfiffIfIfiffIfIfiffIfiffIfiffIfiffIfiffIfiffIfiffxAtAAtAAtAAtAAtAAAAAtAAAAAtAAAAAAtAAAAAAAt LTooonaageeTooToooToooToooToooToooTooToooToooToooToooToooLTooonaageeToooToooLTooonaageeToooToooLTooonaageeToooToook  AAAllAllAAllAll Weeeeeeeeeeee Weeeeeeeeeeee Weeeeeeeeeeee LTooonaagee TooToooToooToooTooo JupppsAtuppppsAtuppppUpsAAtuppppUpUpsAAtuppppUpUpUpUpUpsAAtuppppUpUpUpUpUpsAAAAtuppppUpUpUpUpUpsAAAAAtuppppUpUpUpUpUpsAAAAAtuppppUpUpUpUpUpsAAAAAAAt TooToooToooToooTooo weeeeeeeeeee uppppUpUpUpUpUp AAAllAllAAllAll a Weeeeeeeeeeee MMMMy AAAAAAAt weeeeeeeeeee MMMMMyeeeeeeeeeee weeeeeeeeeee IfiffIfIfiffIfIfiffIfiffIfiffIfiffIfiffIfiffIfiffxAtAAtAAtAAtAAtAAAAAtAAAAAtAAAAAAtAAAAAAAt Up jToookeTooToooToooToooToooToooLTooonaageeToooToooLTooonaageeToooToooLTooonaageeToooToooke JupppsAtuppppsAtuppppUpsAAtuppppUpUpsAAtuppppUpUpUpUpUpsAAtuppppUpUpUpUpUpsAAAAtuppppUpUpUpUpUpsAAAAAtuppppUpUpUpUpUpsAAAAAtuppppUpUpUpUpUpsAAAAAAAt Weeeeeeeeeeee FrTooomrTooom uppppUpUpUpUpUp weeeeeeeeeee TooToooToooToooToooTooo TooToooToooToooTooo weeeeeeeeeee  JupppsAtuppppsAtuppppUpsAAtuppppUpUpsAAtuppppUpUpUpUpUpsAAtuppppUpUpUpUpUpsAAAAtuppppUpUpUpUpUpsAAAAAtuppppUpUpUpUpUpsAAAAAtuppppUpUpUpUpUpsAAAAAAAt š AAAllAllAAllAll AAAAAAAt weeeeeeeeeee be If iffIfIf TooToooToooToooTooo aaaageeee uppppUpUpUpUpUp  iffIfIf aaaageeee uppppUpUpUpUpUp uppppUpUpUpUpUp a 
